{"cameraMode":{"drawMode":0,"name":"Shaded","section":"Shading Mode"},"sceneLighting":false,"audioPlay":false,"sceneViewState":{"m_AlwaysRefresh":false,"showFog":true,"showSkybox":false,"showFlares":true,"showImageEffects":true,"showParticleSystems":true,"showVisualEffectGraphs":true,"m_FxEnabled":true},"in2DMode":false,"pivot":{"x":0.0013229995965957642,"y":1.0499284267425538,"z":-0.011121660470962525},"rotation":{"x":-0.057082489132881168,"y":0.9426847100257874,"z":-0.24302756786346436,"w":-0.22141876816749574},"size":0.7818031311035156,"orthographic":false}